/10-labor-day-social-media-content-ideas /posts/labor-day-ideas 301!
/10-labor-day-social-media-content-ideas/ /posts/labor-day-ideas/ 301!
/10-steps-achieve-best-self-personal-growth-guide-wayfinder-founder /posts/self-growth-guide 301!
/10-steps-achieve-best-self-personal-growth-guide-wayfinder-founder/ /posts/self-growth-guide/ 301!
/10-steps-achieve-personal-growth /posts/personal-growth 301!
/10-steps-achieve-personal-growth/ /posts/personal-growth/ 301!
/11-essential-freelance-project-management-tips-success-2024 /posts/freelance-projects 301!
/11-essential-freelance-project-management-tips-success-2024/ /posts/freelance-projects/ 301!
/2-minute-rule-productivity-hack /posts/two-minute-rule 301!
/2-minute-rule-productivity-hack/ /posts/two-minute-rule/ 301!
/2000-follower-milestone-achieved-thank-you /posts/milestone-thanks 301!
/2000-follower-milestone-achieved-thank-you/ /posts/milestone-thanks/ 301!
/4-actionable-tips-built-serve-evan-carmichael-catalyze-entrepreneurial-journey /posts/entrepreneur-tips 301!
/4-actionable-tips-built-serve-evan-carmichael-catalyze-entrepreneurial-journey/ /posts/entrepreneur-tips/ 301!
/5-best-meditation-apps-daily-practice /posts/meditation-apps 301!
/5-best-meditation-apps-daily-practice/ /posts/meditation-apps/ 301!
/5-easy-emotional-intelligence-exercises-daily-practice /posts/eq-exercises 301!
/5-easy-emotional-intelligence-exercises-daily-practice/ /posts/eq-exercises/ 301!
/5-game-changing-strategies-that-boosted-my-workflow /posts/workflow-optimization 301!
/5-game-changing-strategies-that-boosted-my-workflow/ /posts/workflow-optimization/ 301!
/7-essential-steps-building-personal-brand-online-2024 /posts/online-brand 301!
/7-essential-steps-building-personal-brand-online-2024/ /posts/online-brand/ 301!
/7-habits-highly-productive-people-boost-efficiency /posts/productivity-habits 301!
/7-habits-highly-productive-people-boost-efficiency/ /posts/productivity-habits/ 301!
/7-mindfulness-techniques-productivity-focus /posts/mindfulness-productivity 301!
/7-mindfulness-techniques-productivity-focus/ /posts/mindfulness-productivity/ 301!
/7-proven-strategies-handle-difficult-freelance-clients-2024 /posts/difficult-clients 301!
/7-proven-strategies-handle-difficult-freelance-clients-2024/ /posts/difficult-clients/ 301!
/7-proven-strategies-market-freelance-services-social-media-2024 /posts/market-services 301!
/7-proven-strategies-market-freelance-services-social-media-2024/ /posts/market-services/ 301!
/7-steps-digital-customer-service-excellence-2024 /posts/customer-service 301!
/7-steps-digital-customer-service-excellence-2024/ /posts/customer-service/ 301!
/7-steps-dominate-mobile-marketing-smartphone-customers-2024 /posts/mobile-marketing 301!
/7-steps-dominate-mobile-marketing-smartphone-customers-2024/ /posts/mobile-marketing/ 301!
/7-tricks-create-irresistible-lead-magnets /posts/lead-magnets 301!
/7-tricks-create-irresistible-lead-magnets/ /posts/lead-magnets/ 301!
/7-ways-diversify-freelance-income-2024 /posts/freelance-income 301!
/7-ways-diversify-freelance-income-2024/ /posts/freelance-income/ 301!
/8-step-craft-profitable-online-store-2025 /posts/online-store 301!
/8-step-craft-profitable-online-store-2025/ /posts/online-store/ 301!
/abcde-method-task-prioritization-guide /posts/abcde-method 301!
/abcde-method-task-prioritization-guide/ /posts/abcde-method/ 301!
/agile-methodologies-digital-entrepreneurship /posts/agile-business 301!
/agile-methodologies-digital-entrepreneurship/ /posts/agile-business/ 301!
/ai-generated-story-pandoras-box-fantasy-tale /posts/ai-story 301!
/ai-generated-story-pandoras-box-fantasy-tale/ /posts/ai-story/ 301!
/beating-new-wave-doctors-guide-tackling-new-covid-symptoms-proven-remedies /posts/covid-remedies 301!
/beating-new-wave-doctors-guide-tackling-new-covid-symptoms-proven-remedies/ /posts/covid-remedies/ 301!
/become-social-media-manager-guide /posts/social-media-manager 301!
/become-social-media-manager-guide/ /posts/social-media-manager/ 301!
/beginners-guide-balanced-fitness-plan /posts/fitness-plan 301!
/beginners-guide-balanced-fitness-plan/ /posts/fitness-plan/ 301!
/beginners-guide-different-types-meditation /posts/meditation-types 301!
/beginners-guide-different-types-meditation/ /posts/meditation-types/ 301!
/beginners-guide-mindful-eating /posts/mindful-eating-basics 301!
/beginners-guide-mindful-eating/ /posts/mindful-eating-basics/ 301!
/beginners-guide-yoga-flexibility-stress-relief /posts/yoga 301!
/beginners-guide-yoga-flexibility-stress-relief/ /posts/yoga/ 301!
/benefits-morning-routine-mental-physical-health /posts/morning-routine 301!
/benefits-morning-routine-mental-physical-health/ /posts/morning-routine/ 301!
/best-emotional-intelligence-apps /posts/eq-apps 301!
/best-emotional-intelligence-apps/ /posts/eq-apps/ 301!
/best-emotional-intelligence-books-boost-eq /posts/best-eq-books 301!
/best-emotional-intelligence-books-boost-eq/ /posts/best-eq-books/ 301!
/best-marketing-automation-tools-guide-2024 /posts/automation-tools 301!
/best-marketing-automation-tools-guide-2024/ /posts/automation-tools/ 301!
/best-side-hustle-ideas-2024-earn-500-3000-month-working-part-time /posts/side-hustle-500-3000 301!
/best-side-hustle-ideas-2024-earn-500-3000-month-working-part-time/ /posts/side-hustle-500-3000/ 301!
/best-time-management-apps-boost-efficiency /posts/best-time-management-apps-boost-efficiency 301!
/best-time-management-apps-boost-efficiency/ /posts/best-time-management-apps-boost-efficiency/ 301!
/blog-content-creation-tools-supercharge-your-workflow /posts/content-tools 301!
/blog-content-creation-tools-supercharge-your-workflow/ /posts/content-tools/ 301!
/blog/* /posts/:splat 301\!
/blog/10-labor-day-social-media-content-ideas /posts/labor-day-ideas 301!
/blog/10-labor-day-social-media-content-ideas/ /posts/labor-day-ideas/ 301!
/blog/10-steps-achieve-best-self-personal-growth-guide-wayfinder-founder /posts/self-growth-guide 301!
/blog/10-steps-achieve-best-self-personal-growth-guide-wayfinder-founder/ /posts/self-growth-guide/ 301!
/blog/10-steps-achieve-personal-growth /posts/personal-growth 301!
/blog/10-steps-achieve-personal-growth/ /posts/personal-growth/ 301!
/blog/11-essential-freelance-project-management-tips-success-2024 /posts/freelance-projects 301!
/blog/11-essential-freelance-project-management-tips-success-2024/ /posts/freelance-projects/ 301!
/blog/2-minute-rule-productivity-hack /posts/two-minute-rule 301!
/blog/2-minute-rule-productivity-hack/ /posts/two-minute-rule/ 301!
/blog/2000-follower-milestone-achieved-thank-you /posts/milestone-thanks 301!
/blog/2000-follower-milestone-achieved-thank-you/ /posts/milestone-thanks/ 301!
/blog/4-actionable-tips-built-serve-evan-carmichael-catalyze-entrepreneurial-journey /posts/entrepreneur-tips 301!
/blog/4-actionable-tips-built-serve-evan-carmichael-catalyze-entrepreneurial-journey/ /posts/entrepreneur-tips/ 301!
/blog/5-best-meditation-apps-daily-practice /posts/meditation-apps 301!
/blog/5-best-meditation-apps-daily-practice/ /posts/meditation-apps/ 301!
/blog/5-easy-emotional-intelligence-exercises-daily-practice /posts/eq-exercises 301!
/blog/5-easy-emotional-intelligence-exercises-daily-practice/ /posts/eq-exercises/ 301!
/blog/5-game-changing-strategies-that-boosted-my-workflow /posts/workflow-optimization 301!
/blog/5-game-changing-strategies-that-boosted-my-workflow/ /posts/workflow-optimization/ 301!
/blog/7-essential-steps-building-personal-brand-online-2024 /posts/online-brand 301!
/blog/7-essential-steps-building-personal-brand-online-2024/ /posts/online-brand/ 301!
/blog/7-habits-highly-productive-people-boost-efficiency /posts/productivity-habits 301!
/blog/7-habits-highly-productive-people-boost-efficiency/ /posts/productivity-habits/ 301!
/blog/7-mindfulness-techniques-productivity-focus /posts/mindfulness-productivity 301!
/blog/7-mindfulness-techniques-productivity-focus/ /posts/mindfulness-productivity/ 301!
/blog/7-proven-strategies-handle-difficult-freelance-clients-2024 /posts/difficult-clients 301!
/blog/7-proven-strategies-handle-difficult-freelance-clients-2024/ /posts/difficult-clients/ 301!
/blog/7-proven-strategies-market-freelance-services-social-media-2024 /posts/market-services 301!
/blog/7-proven-strategies-market-freelance-services-social-media-2024/ /posts/market-services/ 301!
/blog/7-steps-digital-customer-service-excellence-2024 /posts/customer-service 301!
/blog/7-steps-digital-customer-service-excellence-2024/ /posts/customer-service/ 301!
/blog/7-steps-dominate-mobile-marketing-smartphone-customers-2024 /posts/mobile-marketing 301!
/blog/7-steps-dominate-mobile-marketing-smartphone-customers-2024/ /posts/mobile-marketing/ 301!
/blog/7-tricks-create-irresistible-lead-magnets /posts/lead-magnets 301!
/blog/7-tricks-create-irresistible-lead-magnets/ /posts/lead-magnets/ 301!
/blog/7-ways-diversify-freelance-income-2024 /posts/freelance-income 301!
/blog/7-ways-diversify-freelance-income-2024/ /posts/freelance-income/ 301!
/blog/8-step-craft-profitable-online-store-2025 /posts/online-store 301!
/blog/8-step-craft-profitable-online-store-2025/ /posts/online-store/ 301!
/blog/abcde-method-task-prioritization-guide /posts/abcde-method 301!
/blog/abcde-method-task-prioritization-guide/ /posts/abcde-method/ 301!
/blog/agile-methodologies-digital-entrepreneurship /posts/agile-business 301!
/blog/agile-methodologies-digital-entrepreneurship/ /posts/agile-business/ 301!
/blog/ai-generated-story-pandoras-box-fantasy-tale /posts/ai-story 301!
/blog/ai-generated-story-pandoras-box-fantasy-tale/ /posts/ai-story/ 301!
/blog/beating-new-wave-doctors-guide-tackling-new-covid-symptoms-proven-remedies /posts/covid-remedies 301!
/blog/beating-new-wave-doctors-guide-tackling-new-covid-symptoms-proven-remedies/ /posts/covid-remedies/ 301!
/blog/become-social-media-manager-guide /posts/social-media-manager 301!
/blog/become-social-media-manager-guide/ /posts/social-media-manager/ 301!
/blog/beginners-guide-balanced-fitness-plan /posts/fitness-plan 301!
/blog/beginners-guide-balanced-fitness-plan/ /posts/fitness-plan/ 301!
/blog/beginners-guide-different-types-meditation /posts/meditation-types 301!
/blog/beginners-guide-different-types-meditation/ /posts/meditation-types/ 301!
/blog/beginners-guide-mindful-eating /posts/mindful-eating-basics 301!
/blog/beginners-guide-mindful-eating/ /posts/mindful-eating-basics/ 301!
/blog/beginners-guide-yoga-flexibility-stress-relief /posts/yoga 301!
/blog/beginners-guide-yoga-flexibility-stress-relief/ /posts/yoga/ 301!
/blog/benefits-morning-routine-mental-physical-health /posts/morning-routine 301!
/blog/benefits-morning-routine-mental-physical-health/ /posts/morning-routine/ 301!
/blog/best-emotional-intelligence-apps /posts/eq-apps 301!
/blog/best-emotional-intelligence-apps/ /posts/eq-apps/ 301!
/blog/best-emotional-intelligence-books-boost-eq /posts/best-eq-books 301!
/blog/best-emotional-intelligence-books-boost-eq/ /posts/best-eq-books/ 301!
/blog/best-marketing-automation-tools-guide-2024 /posts/automation-tools 301!
/blog/best-marketing-automation-tools-guide-2024/ /posts/automation-tools/ 301!
/blog/best-side-hustle-ideas-2024-earn-500-3000-month-working-part-time /posts/side-hustle-500-3000 301!
/blog/best-side-hustle-ideas-2024-earn-500-3000-month-working-part-time/ /posts/side-hustle-500-3000/ 301!
/blog/best-time-management-apps-boost-efficiency /posts/best-time-management-apps-boost-efficiency 301!
/blog/best-time-management-apps-boost-efficiency/ /posts/best-time-management-apps-boost-efficiency/ 301!
/blog/blog-content-creation-tools-supercharge-your-workflow /posts/content-tools 301!
/blog/blog-content-creation-tools-supercharge-your-workflow/ /posts/content-tools/ 301!
/blog/build-affiliate-marketing-passive-income-2024 /posts/passive-income 301!
/blog/build-affiliate-marketing-passive-income-2024/ /posts/passive-income/ 301!
/blog/build-high-converting-sales-funnel-digital-products-2024 /posts/sales-funnel 301!
/blog/build-high-converting-sales-funnel-digital-products-2024/ /posts/sales-funnel/ 301!
/blog/build-lasting-healthy-habits /posts/healthy-habits 301!
/blog/build-lasting-healthy-habits/ /posts/healthy-habits/ 301!
/blog/build-powerful-personal-brand-freelancer-guide /posts/freelance-brand 301!
/blog/build-powerful-personal-brand-freelancer-guide/ /posts/freelance-brand/ 301!
/blog/build-successful-online-coaching-empire /posts/coaching-business 301!
/blog/build-successful-online-coaching-empire/ /posts/coaching-business/ 301!
/blog/build-thriving-facebook-groups-brand-community-2024 /posts/facebook-groups 301!
/blog/build-thriving-facebook-groups-brand-community-2024/ /posts/facebook-groups/ 301!
/blog/career-change-industry-switch-guide /posts/career-change 301!
/blog/career-change-industry-switch-guide/ /posts/career-change/ 301!
/blog/chatgpt-practical-applications-daily-tasks-guide /posts/chatgpt-tasks 301!
/blog/chatgpt-practical-applications-daily-tasks-guide/ /posts/chatgpt-tasks/ 301!
/blog/comparing-emotional-intelligence-certification-programs /posts/eq-certification 301!
/blog/comparing-emotional-intelligence-certification-programs/ /posts/eq-certification/ 301!
/blog/components-emotional-intelligence-explained /posts/eq-components 301!
/blog/components-emotional-intelligence-explained/ /posts/eq-components/ 301!
/blog/content-repurposing-101-maximize-reach /posts/content-repurposing 301!
/blog/content-repurposing-101-maximize-reach/ /posts/content-repurposing/ 301!
/blog/content-success-metrics-guide /posts/content-metrics 301!
/blog/content-success-metrics-guide/ /posts/content-metrics/ 301!
/blog/continuing-education-career-relevance /posts/continuing-education 301!
/blog/continuing-education-career-relevance/ /posts/continuing-education/ 301!
/blog/continuous-learning-freelancing-success-2024 /posts/freelance-learning 301!
/blog/continuous-learning-freelancing-success-2024/ /posts/freelance-learning/ 301!
/blog/couch-crush-your-nonsense-guide-strength-training-beginners /posts/strength-training 301!
/blog/couch-crush-your-nonsense-guide-strength-training-beginners/ /posts/strength-training/ 301!
/blog/cracking-medium-code-writers-guide-thriving-2024 /posts/medium-guide 301!
/blog/cracking-medium-code-writers-guide-thriving-2024/ /posts/medium-guide/ 301!
/blog/craft-freelance-portfolio-wow-potential-clients /posts/freelance-portfolio-guide 301!
/blog/craft-freelance-portfolio-wow-potential-clients/ /posts/freelance-portfolio-guide/ 301!
/blog/create-daily-routine-productivity /posts/daily-routine 301!
/blog/create-daily-routine-productivity/ /posts/daily-routine/ 301!
/blog/create-digital-business-plan-beginners-guide /posts/business-plan 301!
/blog/create-digital-business-plan-beginners-guide/ /posts/business-plan/ 301!
/blog/create-freelance-business-website-2024-complete-guide /posts/freelance-website 301!
/blog/create-freelance-business-website-2024-complete-guide/ /posts/freelance-website/ 301!
/blog/create-mindfulness-routine-that-sticks /posts/mindfulness-routine 301!
/blog/create-mindfulness-routine-that-sticks/ /posts/mindfulness-routine/ 301!
/blog/create-sell-digital-products-2024 /posts/digital-products 301!
/blog/create-sell-digital-products-2024/ /posts/digital-products/ 301!
/blog/create-sell-online-courses /posts/online-courses 301!
/blog/create-sell-online-courses/ /posts/online-courses/ 301!
/blog/create-sell-productized-services-steps /posts/productized-services 301!
/blog/create-sell-productized-services-steps/ /posts/productized-services/ 301!
/blog/create-sops-business-efficiency /posts/sops 301!
/blog/create-sops-business-efficiency/ /posts/sops/ 301!
/blog/create-successful-membership-site-7-steps /posts/membership-site 301!
/blog/create-successful-membership-site-7-steps/ /posts/membership-site/ 301!
/blog/creating-meditation-space-home-tips /posts/meditation-space 301!
/blog/creating-meditation-space-home-tips/ /posts/meditation-space/ 301!
/blog/creating-personal-brand-career-stand-out /posts/personal-brand 301!
/blog/creating-personal-brand-career-stand-out/ /posts/personal-brand/ 301!
/blog/creating-your-first-online-course-a-step-by-step-guide-for-beginners /posts/first-course 301!
/blog/creating-your-first-online-course-a-step-by-step-guide-for-beginners/ /posts/first-course/ 301!
/blog/creating-your-first-online-course-step-step-guide-beginners /posts/first-course 301!
/blog/creating-your-first-online-course-step-step-guide-beginners/ /posts/first-course/ 301!
/blog/cybersecurity-digital-businesses /posts/business-security 301!
/blog/cybersecurity-digital-businesses/ /posts/business-security/ 301!
/blog/dalle-midjourney-ai-art-comparison-pandora /posts/ai-art 301!
/blog/dalle-midjourney-ai-art-comparison-pandora/ /posts/ai-art/ 301!
/blog/dark-side-screen-why-dark-mode-is-must-have-66917c9ec22622001aee585c /posts/dark-mode-guide 301!
/blog/dark-side-screen-why-dark-mode-is-must-have-66917c9ec22622001aee585c/ /posts/dark-mode-guide/ 301!
/blog/data-analytics-small-online-businesses /posts/business-analytics 301!
/blog/data-analytics-small-online-businesses/ /posts/business-analytics/ 301!
/blog/developing-emotional-intelligence-children-parents-guide /posts/eq-kids 301!
/blog/developing-emotional-intelligence-children-parents-guide/ /posts/eq-kids/ 301!
/blog/developing-leadership-skills-team-member-manager /posts/leadership-skills 301!
/blog/developing-leadership-skills-team-member-manager/ /posts/leadership-skills/ 301!
/blog/digital-business-exit-guide /posts/sell-business 301!
/blog/digital-business-exit-guide/ /posts/sell-business/ 301!
/blog/digital-minimalism-declutter-online-life-boost-focus /posts/digital-minimalism 301!
/blog/digital-minimalism-declutter-online-life-boost-focus/ /posts/digital-minimalism/ 301!
/blog/ditch-iphone-verizon-google-pixel-google-fi /posts/pixel-switch 301!
/blog/ditch-iphone-verizon-google-pixel-google-fi/ /posts/pixel-switch/ 301!
/blog/do-you-feel-invisible-medium /posts/medium-invisible 301!
/blog/do-you-feel-invisible-medium/ /posts/medium-invisible/ 301!
/blog/earn-extra-1200-month-leveraging-affiliate-marketing /posts/affiliate-income 301!
/blog/earn-extra-1200-month-leveraging-affiliate-marketing/ /posts/affiliate-income/ 301!
/blog/effective-client-communication-strategies-freelancers-2024 /posts/client-communication 301!
/blog/effective-client-communication-strategies-freelancers-2024/ /posts/client-communication/ 301!
/blog/effective-workplace-communication-skills-guide /posts/workplace-communication 301!
/blog/effective-workplace-communication-skills-guide/ /posts/workplace-communication/ 301!
/blog/eisenhower-matrix-time-management-guide /posts/eisenhower-matrix 301!
/blog/eisenhower-matrix-time-management-guide/ /posts/eisenhower-matrix/ 301!
/blog/elon-musk-sells-x-to-xai /posts/musk-x-xai 301!
/blog/elon-musk-sells-x-to-xai/ /posts/musk-x-xai/ 301!
/blog/email-marketing-strategies-entrepreneurs-2024 /posts/email-marketing 301!
/blog/email-marketing-strategies-entrepreneurs-2024/ /posts/email-marketing/ 301!
/blog/emotional-intelligence-communication-guide /posts/eq-communication 301!
/blog/emotional-intelligence-communication-guide/ /posts/eq-communication/ 301!
/blog/emotional-intelligence-conflict-resolution-guide /posts/eq-conflict 301!
/blog/emotional-intelligence-conflict-resolution-guide/ /posts/eq-conflict/ 301!
/blog/emotional-intelligence-leadership-success-link /posts/eq-leadership 301!
/blog/emotional-intelligence-leadership-success-link/ /posts/eq-leadership/ 301!
/blog/emotional-intelligence-mental-health-connection /posts/eq-mental-health 301!
/blog/emotional-intelligence-mental-health-connection/ /posts/eq-mental-health/ 301!
/blog/emotional-intelligence-relationships-guide /posts/eq-relationships 301!
/blog/emotional-intelligence-relationships-guide/ /posts/eq-relationships/ 301!
/blog/emotional-intelligence-stress-management-techniques /posts/eq-stress 301!
/blog/emotional-intelligence-stress-management-techniques/ /posts/eq-stress/ 301!
/blog/emotional-intelligence-vs-iq-success /posts/emotional-intelligence-iq-success 301!
/blog/emotional-intelligence-vs-iq-success/ /posts/emotional-intelligence-iq-success/ 301!
/blog/emotional-intelligence-workplace-importance /posts/eq-workplace 301!
/blog/emotional-intelligence-workplace-importance/ /posts/eq-workplace/ 301!
/blog/enchanting-tale-elfred-shelf /posts/elfred-tale 301!
/blog/enchanting-tale-elfred-shelf/ /posts/elfred-tale/ 301!
/blog/entrepreneurial-growth-mindset-2024 /posts/entrepreneur-mindset 301!
/blog/entrepreneurial-growth-mindset-2024/ /posts/entrepreneur-mindset/ 301!
/blog/essential-content-marketing-strategies-online-business-success-2024 /posts/content-marketing 301!
/blog/essential-content-marketing-strategies-online-business-success-2024/ /posts/content-marketing/ 301!
/blog/essential-tips-financial-planning-freelancers-2024 /posts/freelance-finance 301!
/blog/essential-tips-financial-planning-freelancers-2024/ /posts/freelance-finance/ 301!
/blog/financial-management-steps-digital-entrepreneurs /posts/business-finance 301!
/blog/financial-management-steps-digital-entrepreneurs/ /posts/business-finance/ 301!
/blog/finding-career-mentor-benefits /posts/career-mentor 301!
/blog/finding-career-mentor-benefits/ /posts/career-mentor/ 301!
/blog/finding-hope-through-writing-my-journey-friends-medium-program /posts/medium-journey 301!
/blog/finding-hope-through-writing-my-journey-friends-medium-program/ /posts/medium-journey/ 301!
/blog/finding-voice-develop-unique-content-brand /posts/brand-voice 301!
/blog/finding-voice-develop-unique-content-brand/ /posts/brand-voice/ 301!
/blog/freelance-contract-essentials-2024 /posts/freelance-contracts 301!
/blog/freelance-contract-essentials-2024/ /posts/freelance-contracts/ 301!
/blog/freelance-platforms-vs-direct-clients-key-differences /posts/freelance-platforms 301!
/blog/freelance-platforms-vs-direct-clients-key-differences/ /posts/freelance-platforms/ 301!
/blog/future-blogging-trends-predictions-2024-beyond /posts/blogging-trends 301!
/blog/future-blogging-trends-predictions-2024-beyond/ /posts/blogging-trends/ 301!
/blog/gig-economy-successful-freelance-career-guide /posts/gig-economy 301!
/blog/gig-economy-successful-freelance-career-guide/ /posts/gig-economy/ 301!
/blog/go-viral-tiktok-insider-tips-wannabe-influencer /posts/tiktok-viral 301!
/blog/go-viral-tiktok-insider-tips-wannabe-influencer/ /posts/tiktok-viral/ 301!
/blog/good-great-business-excellence-framework /posts/business-excellence 301!
/blog/good-great-business-excellence-framework/ /posts/business-excellence/ 301!
/blog/good-to-great-business-excellence-framework /posts/business-excellence 301!
/blog/good-to-great-business-excellence-framework/ /posts/business-excellence 301!
/blog/googles-700-million-severance-payout-behind-numbers /posts/google-severance 301!
/blog/googles-700-million-severance-payout-behind-numbers/ /posts/google-severance/ 301!
/blog/guard-gold-insiders-guide-fortifying-digital-treasure-chest /posts/digital-security 301!
/blog/guard-gold-insiders-guide-fortifying-digital-treasure-chest/ /posts/digital-security/ 301!
/blog/gut-brain-connection-wellness /posts/gut-brain 301!
/blog/gut-brain-connection-wellness/ /posts/gut-brain/ 301!
/blog/help-me-surpass-2000-follower-mark-today /posts/surpass-followers 301!
/blog/help-me-surpass-2000-follower-mark-today/ /posts/surpass-followers/ 301!
/blog/hiit-workout-benefits-lazy-persons-guide /posts/hiit-workout 301!
/blog/hiit-workout-benefits-lazy-persons-guide/ /posts/hiit-workout/ 301!
/blog/home-gym-heroes-fitness-fortress-budget /posts/home-gym 301!
/blog/home-gym-heroes-fitness-fortress-budget/ /posts/home-gym/ 301!
/blog/how-build-engaged-content-community /posts/how-build-engaged-content-community 301!
/blog/how-build-engaged-content-community/ /posts/how-build-engaged-content-community/ 301!
/blog/how-improve-your-emotional-intelligence-7-practical-steps /posts/how-improve-your-emotional-intelligence-7-practical-steps 301!
/blog/how-improve-your-emotional-intelligence-7-practical-steps/ /posts/how-improve-your-emotional-intelligence-7-practical-steps/ 301!
/blog/how-negotiate-salary-raise-guide /posts/how-negotiate-salary-raise-guide 301!
/blog/how-negotiate-salary-raise-guide/ /posts/how-negotiate-salary-raise-guide/ 301!
/blog/how-overcome-imposter-syndrome /posts/imposter-syndrome 301!
/blog/how-overcome-imposter-syndrome/ /posts/imposter-syndrome/ 301!
/blog/how-start-successful-youtube-channel /posts/start-youtube 301!
/blog/how-start-successful-youtube-channel/ /posts/start-youtube/ 301!
/blog/how-sticking-around-30-seconds-medium-pays-off-writers /posts/how-sticking-around-30-seconds-medium-pays-off-writers 301!
/blog/how-sticking-around-30-seconds-medium-pays-off-writers/ /posts/how-sticking-around-30-seconds-medium-pays-off-writers/ 301!
/blog/hungry-health-my-messy-adventure-intermittent-fasting /posts/intermittent-fasting 301!
/blog/hungry-health-my-messy-adventure-intermittent-fasting/ /posts/intermittent-fasting/ 301!
/blog/hydration-myths-water-intake-truths /posts/hydration-myths 301!
/blog/hydration-myths-water-intake-truths/ /posts/hydration-myths/ 301!
/blog/identify-career-strengths-weaknesses-growth /posts/career-strengths 301!
/blog/identify-career-strengths-weaknesses-growth/ /posts/career-strengths/ 301!
/blog/importance-soft-skills-career-advancement /posts/soft-skills 301!
/blog/importance-soft-skills-career-advancement/ /posts/soft-skills/ 301!
/blog/influencer-marketing-strategies-brand-growth-2024 /posts/influencer-marketing 301!
/blog/influencer-marketing-strategies-brand-growth-2024/ /posts/influencer-marketing/ 301!
/blog/instagram-marketing-sales-strategies-2024 /posts/instagram-marketing 301!
/blog/instagram-marketing-sales-strategies-2024/ /posts/instagram-marketing/ 301!
/blog/iphone-to-pixel-transition-guide /posts/iphone-pixel 301!
/blog/iphone-to-pixel-transition-guide/ /posts/iphone-pixel/ 301!
/blog/iterate-your-way-product-market-fit /posts/product-fit 301!
/blog/iterate-your-way-product-market-fit/ /posts/product-fit/ 301!
/blog/jalapenos-make-your-day-uncover-their-fiery-benefits /posts/jalapenos 301!
/blog/jalapenos-make-your-day-uncover-their-fiery-benefits/ /posts/jalapenos/ 301!
/blog/job-interview-preparation-tips /posts/interview-tips 301!
/blog/job-interview-preparation-tips/ /posts/interview-tips/ 301!
/blog/keep-inbox-clutter-free-automate-email-deletion-gmail /posts/gmail-automation 301!
/blog/keep-inbox-clutter-free-automate-email-deletion-gmail/ /posts/gmail-automation/ 301!
/blog/labor-day-social-media-strategies-work-smarter /posts/labor-day-content 301!
/blog/labor-day-social-media-strategies-work-smarter/ /posts/labor-day-content/ 301!
/blog/labor-love-crafting-content-calendar-digital-success /posts/content-calendar 301!
/blog/labor-love-crafting-content-calendar-digital-success/ /posts/content-calendar/ 301!
/blog/last-minute-lifesaver-amazon-gift-cards-holiday-hero /posts/amazon-gifts 301!
/blog/last-minute-lifesaver-amazon-gift-cards-holiday-hero/ /posts/amazon-gifts/ 301!
/blog/linkedin-marketing-strategies-b2b-professionals-2024 /posts/linkedin-marketing 301!
/blog/linkedin-marketing-strategies-b2b-professionals-2024/ /posts/linkedin-marketing/ 301!
/blog/linkedin-optimization-tips-boost-online-presence /posts/linkedin-tips 301!
/blog/linkedin-optimization-tips-boost-online-presence/ /posts/linkedin-tips/ 301!
/blog/live-streaming-101-captivate-audience-real-time /posts/live-streaming 301!
/blog/live-streaming-101-captivate-audience-real-time/ /posts/live-streaming/ 301!
/blog/long-term-career-planning-goals-guide /posts/career-planning 301!
/blog/long-term-career-planning-goals-guide/ /posts/career-planning/ 301!
/blog/magic-user-generated-content-audience-best-marketers /posts/ugc-marketing 301!
/blog/magic-user-generated-content-audience-best-marketers/ /posts/ugc-marketing/ 301!
/blog/master-networking-strategies-freelancers-step-step-guide /posts/freelance-network 301!
/blog/master-networking-strategies-freelancers-step-step-guide/ /posts/freelance-network/ 301!
/blog/master-social-media-advertising-small-businesses /posts/social-ads 301!
/blog/master-social-media-advertising-small-businesses/ /posts/social-ads/ 301!
/blog/mastering-blogging-10-insider-secrets-crafting-irresistible-posts /posts/blogging-secrets 301!
/blog/mastering-blogging-10-insider-secrets-crafting-irresistible-posts/ /posts/blogging-secrets/ 301!
/blog/mastering-freelance-pitch-guide-winning-projects /posts/freelance-pitch 301!
/blog/mastering-freelance-pitch-guide-winning-projects/ /posts/freelance-pitch/ 301!
/blog/mastering-freelance-pricing-strategies /posts/freelance-pricing 301!
/blog/mastering-freelance-pricing-strategies/ /posts/freelance-pricing/ 301!
/blog/mastering-sales-psychology-5-key-impulses-drive-consumer-behavior /posts/sales-psychology 301!
/blog/mastering-sales-psychology-5-key-impulses-drive-consumer-behavior-unabridged-version /posts/sales-psychology-full 301!
/blog/mastering-sales-psychology-5-key-impulses-drive-consumer-behavior-unabridged-version/ /posts/sales-psychology-full/ 301!
/blog/mastering-sales-psychology-5-key-impulses-drive-consumer-behavior/ /posts/sales-psychology/ 301!
/blog/maximize-roi-google-ads-strategies-2024 /posts/google-ads 301!
/blog/maximize-roi-google-ads-strategies-2024/ /posts/google-ads/ 301!
/blog/meal-prep-strategies-busy-schedule /posts/meal-prep 301!
/blog/meal-prep-strategies-busy-schedule/ /posts/meal-prep/ 301!
/blog/measuring-emotional-intelligence-assessment-tools /posts/eq-assessment 301!
/blog/measuring-emotional-intelligence-assessment-tools/ /posts/eq-assessment/ 301!
/blog/meditation-cardiovascular-health /posts/meditation-health 301!
/blog/meditation-cardiovascular-health/ /posts/meditation-health/ 301!
/blog/medium-day-2024-celebrating-better-internet-together /posts/medium-day 301!
/blog/medium-day-2024-celebrating-better-internet-together/ /posts/medium-day/ 301!
/blog/mind-bending-journey-history-meditation /posts/meditation-history 301!
/blog/mind-bending-journey-history-meditation/ /posts/meditation-history/ 301!
/blog/mindful-eating-guide-transform-food-relationship /posts/mindful-eating 301!
/blog/mindful-eating-guide-transform-food-relationship/ /posts/mindful-eating/ 301!
/blog/mindful-movement-meditation-yoga-tai-chi-guide /posts/mindful-movement 301!
/blog/mindful-movement-meditation-yoga-tai-chi-guide/ /posts/mindful-movement/ 301!
/blog/mindful-parenting-techniques-emotionally-intelligent-kids /posts/mindful-parenting 301!
/blog/mindful-parenting-techniques-emotionally-intelligent-kids/ /posts/mindful-parenting/ 301!
/blog/mindfulness-based-cognitive-therapy-guide /posts/mindfulness-therapy 301!
/blog/mindfulness-based-cognitive-therapy-guide/ /posts/mindfulness-therapy/ 301!
/blog/mindfulness-better-sleep-guide /posts/mindfulness-sleep 301!
/blog/mindfulness-better-sleep-guide/ /posts/mindfulness-sleep/ 301!
/blog/mindfulness-lifeline-anxiety-depression /posts/mindfulness-anxiety 301!
/blog/mindfulness-lifeline-anxiety-depression/ /posts/mindfulness-anxiety/ 301!
/blog/mindfulness-meditation-benefits-stress-reduction /posts/mindfulness-stress 301!
/blog/mindfulness-meditation-benefits-stress-reduction/ /posts/mindfulness-stress/ 301!
/blog/mindfulness-pain-management-techniques-research /posts/mindfulness-pain 301!
/blog/mindfulness-pain-management-techniques-research/ /posts/mindfulness-pain/ 301!
/blog/mindfulness-vs-meditation-differences /posts/mindfulness-vs-meditation 301!
/blog/mindfulness-vs-meditation-differences/ /posts/mindfulness-vs-meditation/ 301!
/blog/mindfulness-work-tips-strategies /posts/mindfulness-work 301!
/blog/mindfulness-work-tips-strategies/ /posts/mindfulness-work/ 301!
/blog/mobility-blueprint-kelly-juliet-starrett-get-strong-flexible-built-move /posts/mobility 301!
/blog/mobility-blueprint-kelly-juliet-starrett-get-strong-flexible-built-move/ /posts/mobility/ 301!
/blog/monetize-content-different-platforms-insider-tips /posts/monetize-content 301!
/blog/monetize-content-different-platforms-insider-tips/ /posts/monetize-content/ 301!
/blog/monetize-niche-online-community /posts/monetize-community 301!
/blog/monetize-niche-online-community/ /posts/monetize-community/ 301!
/blog/monetize-photography-skills-online /posts/monetize-photos 301!
/blog/monetize-photography-skills-online/ /posts/monetize-photos/ 301!
/blog/multitasking-productivity-impact /posts/multitasking 301!
/blog/multitasking-productivity-impact/ /posts/multitasking/ 301!
/blog/must-have-productivity-tools-solopreneurs-2024 /posts/productivity-tools 301!
/blog/must-have-productivity-tools-solopreneurs-2024/ /posts/productivity-tools/ 301!
/blog/navigating-office-politics-career-guide /posts/office-politics 301!
/blog/navigating-office-politics-career-guide/ /posts/office-politics/ 301!
/blog/networking-tips-introverts /posts/networking 301!
/blog/networking-tips-introverts/ /posts/networking/ 301!
/blog/number-one-secret-elite-use-transform-their-wealth-lifestyle-endless-innovation /posts/wealth-secret 301!
/blog/number-one-secret-elite-use-transform-their-wealth-lifestyle-endless-innovation/ /posts/wealth-secret/ 301!
/blog/nutrition-basics-optimal-performance /posts/nutrition 301!
/blog/nutrition-basics-optimal-performance/ /posts/nutrition/ 301!
/blog/online-business-cash-flow-management-strategies /posts/cash-flow 301!
/blog/online-business-cash-flow-management-strategies/ /posts/cash-flow/ 301!
/blog/online-business-crisis-management-steps /posts/crisis-management 301!
/blog/online-business-crisis-management-steps/ /posts/crisis-management/ 301!
/blog/online-business-legal-essentials-2024 /posts/business-legal 301!
/blog/online-business-legal-essentials-2024/ /posts/business-legal/ 301!
/blog/outsourcing-strategies-business-growth /posts/outsourcing 301!
/blog/outsourcing-strategies-business-growth/ /posts/outsourcing/ 301!
/blog/overcome-procrastination-5-proven-strategies-success /posts/beat-procrastination 301!
/blog/overcome-procrastination-5-proven-strategies-success/ /posts/beat-procrastination/ 301!
/blog/overcoming-imposter-syndrome-career /posts/career-imposter 301!
/blog/overcoming-imposter-syndrome-career/ /posts/career-imposter/ 301!
/blog/pajamas-paychecks-freelance-writing-guide /posts/freelance-writing 301!
/blog/pajamas-paychecks-freelance-writing-guide/ /posts/freelance-writing/ 301!
/blog/peek-fictional-lives-10-questions-ask-fictional-characters /posts/fictional-questions 301!
/blog/peek-fictional-lives-10-questions-ask-fictional-characters/ /posts/fictional-questions/ 301!
/blog/pinterest-marketing-strategies-boost-traffic-sales-2024 /posts/pinterest-marketing 301!
/blog/pinterest-marketing-strategies-boost-traffic-sales-2024/ /posts/pinterest-marketing/ 301!
/blog/plant-content-forest-evergreen-strategies-guide /posts/evergreen-content 301!
/blog/plant-content-forest-evergreen-strategies-guide/ /posts/evergreen-content/ 301!
/blog/podcast-marketing-monetization-strategies-2024 /posts/podcast-marketing 301!
/blog/podcast-marketing-monetization-strategies-2024/ /posts/podcast-marketing/ 301!
/blog/podcast-production-guide /posts/podcast-production 301!
/blog/podcast-production-guide/ /posts/podcast-production/ 301!
/blog/pomodoro-technique-productivity-boost-25-minute-intervals /posts/pomodoro-technique 301!
/blog/pomodoro-technique-productivity-boost-25-minute-intervals/ /posts/pomodoro-technique/ 301!
/blog/pomodoro-vs-52-17-method-productivity-comparison /posts/pomodoro-vs-ultradian 301!
/blog/pomodoro-vs-52-17-method-productivity-comparison/ /posts/pomodoro-vs-ultradian/ 301!
/blog/posture-impact-health /posts/posture 301!
/blog/posture-impact-health/ /posts/posture/ 301!
/blog/power-50-claps-medium-monetization-journey /posts/medium-claps 301!
/blog/power-50-claps-medium-monetization-journey/ /posts/medium-claps/ 301!
/blog/pricing-digital-products-services /posts/product-pricing 301!
/blog/pricing-digital-products-services/ /posts/product-pricing/ 301!
/blog/productive-workspace-tips-boost-efficiency /posts/workspace-tips 301!
/blog/productive-workspace-tips-boost-efficiency/ /posts/workspace-tips/ 301!
/blog/profitable-food-blog-creation /posts/food-blog 301!
/blog/profitable-food-blog-creation/ /posts/food-blog/ 301!
/blog/proven-conversion-rate-optimization-techniques-2024 /posts/conversion-optimization 301!
/blog/proven-conversion-rate-optimization-techniques-2024/ /posts/conversion-optimization/ 301!
/blog/psychology-procrastination-combat-strategies /posts/procrastination 301!
/blog/psychology-procrastination-combat-strategies/ /posts/procrastination/ 301!
/blog/reaching-stars-my-journey-1000-followers-medium-end-day-today /posts/medium-1000 301!
/blog/reaching-stars-my-journey-1000-followers-medium-end-day-today/ /posts/medium-1000/ 301!
/blog/recovery-techniques-athletes-fitness-enthusiasts /posts/recovery 301!
/blog/recovery-techniques-athletes-fitness-enthusiasts/ /posts/recovery/ 301!
/blog/reflection-my-journey-back-home /posts/journey-back-home 301!
/blog/reflection-my-journey-back-home/ /posts/journey-back-home/ 301!
/blog/remote-work-success-career-tips /posts/remote-work 301!
/blog/remote-work-success-career-tips/ /posts/remote-work/ 301!
/blog/rest-recovery-effective-time-management /posts/rest-recovery 301!
/blog/rest-recovery-effective-time-management/ /posts/rest-recovery/ 301!
/blog/revenue-revolution-wayfinder-bold-move-medium-skyrocketed-profits-10x /posts/wayfinder-revenue 301!
/blog/revenue-revolution-wayfinder-bold-move-medium-skyrocketed-profits-10x/ /posts/wayfinder-revenue/ 301!
/blog/rise-followayfinder-100-1-google-search /posts/wayfinder-seo 301!
/blog/rise-followayfinder-100-1-google-search/ /posts/wayfinder-seo/ 301!
/blog/scale-freelance-business-2024 /posts/scale-freelance 301!
/blog/scale-freelance-business-2024/ /posts/scale-freelance/ 301!
/blog/scaling-solo-business-hiring-guide-2024 /posts/scale-solo 301!
/blog/scaling-solo-business-hiring-guide-2024/ /posts/scale-solo/ 301!
/blog/science-behind-imposter-syndrome-understanding-psychology /posts/imposter-psychology 301!
/blog/science-behind-imposter-syndrome-understanding-psychology/ /posts/imposter-psychology/ 301!
/blog/science-meditation-changes-brain /posts/meditation-science 301!
/blog/science-meditation-changes-brain/ /posts/meditation-science/ 301!
/blog/seo-fundamentals-content-optimization-2024 /posts/seo-content 301!
/blog/seo-fundamentals-content-optimization-2024/ /posts/seo-content/ 301!
/blog/seo-writing-techniques-content-ranks /posts/seo-writing 301!
/blog/seo-writing-techniques-content-ranks/ /posts/seo-writing/ 301!
/blog/silicon-valleys-shakeup-real-impact-tech-layoffs /posts/tech-layoffs 301!
/blog/silicon-valleys-shakeup-real-impact-tech-layoffs/ /posts/tech-layoffs/ 301!
/blog/simple-mindfulness-exercises-beginners /posts/mindfulness-basics 301!
/blog/simple-mindfulness-exercises-beginners/ /posts/mindfulness-basics/ 301!
/blog/sleep-impact-productivity-boost-performance /posts/sleep-productivity 301!
/blog/sleep-impact-productivity-boost-performance/ /posts/sleep-productivity/ 301!
/blog/sleep-personal-growth-connection /posts/sleep-growth 301!
/blog/sleep-personal-growth-connection/ /posts/sleep-growth/ 301!
/blog/smart-goals-benefits-productivity-boost /posts/smart-goals 301!
/blog/smart-goals-benefits-productivity-boost/ /posts/smart-goals/ 301!
/blog/startling-retrospective-journey-tmnt-switch-delivers-arcade-home /posts/tmnt-arcade 301!
/blog/startling-retrospective-journey-tmnt-switch-delivers-arcade-home/ /posts/tmnt-arcade/ 301!
/blog/storytelling-magic-secret-weapon-irresistible-content /posts/storytelling 301!
/blog/storytelling-magic-secret-weapon-irresistible-content/ /posts/storytelling/ 301!
/blog/strategic-partnerships-digital-growth /posts/partnerships 301!
/blog/strategic-partnerships-digital-growth/ /posts/partnerships/ 301!
/blog/stress-management-techniques-real-person-guide /posts/stress-management 301!
/blog/stress-management-techniques-real-person-guide/ /posts/stress-management/ 301!
/blog/subscription-box-business-guide /posts/subscription-box 301!
/blog/subscription-box-business-guide/ /posts/subscription-box/ 301!
/blog/successful-ghostwriter-guide /posts/ghostwriting 301!
/blog/successful-ghostwriter-guide/ /posts/ghostwriting/ 301!
/blog/successful-podcast-monetization /posts/podcast-money 301!
/blog/successful-podcast-monetization/ /posts/podcast-money/ 301!
/blog/surprising-truth-about-outdoor-exercise-that-ones-talking-about /posts/outdoor-exercise-truth 301!
/blog/surprising-truth-about-outdoor-exercise-that-ones-talking-about/ /posts/outdoor-exercise-truth/ 301!
/blog/sustainable-online-business-practices /posts/sustainable-business 301!
/blog/sustainable-online-business-practices/ /posts/sustainable-business/ 301!
/blog/switch-substack-owning-your-content-maximize-ad-revenue-today /posts/switch-substack-owning-your-content-maximize-ad-revenue-today 301!
/blog/switch-substack-owning-your-content-maximize-ad-revenue-today/ /posts/switch-substack-owning-your-content-maximize-ad-revenue-today/ 301!
/blog/telltale-signs-emotionally-intelligent-leaders /posts/eq-leaders 301!
/blog/telltale-signs-emotionally-intelligent-leaders/ /posts/eq-leaders/ 301!
/blog/ten-questions-about-you /posts/ten-questions 301!
/blog/ten-questions-about-you/ /posts/ten-questions/ 301!
/blog/theory-practice-leveraging-five-key-sales-impulses /posts/sales-impulses 301!
/blog/theory-practice-leveraging-five-key-sales-impulses/ /posts/sales-impulses/ 301!
/blog/thinking-fast-slow-unbiased-brief /posts/thinking-fast-slow 301!
/blog/thinking-fast-slow-unbiased-brief/ /posts/thinking-fast-slow/ 301!
/blog/this-is-how-you-become-freelance-writer-2024 /posts/become-writer 301!
/blog/this-is-how-you-become-freelance-writer-2024/ /posts/become-writer/ 301!
/blog/this-one-thing-turned-around-my-chronic-cold-day /posts/chronic-cold-cure 301!
/blog/this-one-thing-turned-around-my-chronic-cold-day/ /posts/chronic-cold-cure/ 301!
/blog/time-blocking-vs-do-lists-productivity-comparison /posts/time-blocking-vs-todos 301!
/blog/time-blocking-vs-do-lists-productivity-comparison/ /posts/time-blocking-vs-todos/ 301!
/blog/time-management-hacks-freelancers /posts/freelance-time 301!
/blog/time-management-hacks-freelancers/ /posts/freelance-time/ 301!
/blog/time-management-hacks-online-entrepreneurs-2024 /posts/entrepreneur-time 301!
/blog/time-management-hacks-online-entrepreneurs-2024/ /posts/entrepreneur-time/ 301!
/blog/time-management-strategies-career-success /posts/time-management 301!
/blog/time-management-strategies-career-success/ /posts/time-management/ 301!
/blog/time-management-strategies-remote-workers /posts/remote-time 301!
/blog/time-management-strategies-remote-workers/ /posts/remote-time/ 301!
/blog/time-tracking-tools-productivity-guide /posts/time-tracking 301!
/blog/time-tracking-tools-productivity-guide/ /posts/time-tracking/ 301!
/blog/top-emotional-intelligence-courses-personal-development /posts/top-eq-courses 301!
/blog/top-emotional-intelligence-courses-personal-development/ /posts/top-eq-courses/ 301!
/blog/top-mindfulness-podcasts-enhance-practice /posts/top-mindfulness-podcasts-enhance-practice 301!
/blog/top-mindfulness-podcasts-enhance-practice/ /posts/top-mindfulness-podcasts-enhance-practice/ 301!
/blog/travel-blog-monetization-strategies /posts/travel-blog 301!
/blog/travel-blog-monetization-strategies/ /posts/travel-blog/ 301!
/blog/ultimate-guide-effective-time-blocking /posts/time-blocking 301!
/blog/ultimate-guide-effective-time-blocking/ /posts/time-blocking/ 301!
/blog/ultimate-guide-writing-compelling-resume /posts/resume-guide 301!
/blog/ultimate-guide-writing-compelling-resume/ /posts/resume-guide/ 301!
/blog/understanding-macronutrients-proteins-carbs-fats /posts/macronutrients 301!
/blog/understanding-macronutrients-proteins-carbs-fats/ /posts/macronutrients/ 301!
/blog/use-your-fsa-funds-before-they-expire-2024 /posts/fsa-funds 301!
/blog/use-your-fsa-funds-before-they-expire-2024/ /posts/fsa-funds/ 301!
/blog/video-editing-basics-tools-techniques-beginners /posts/video-editing 301!
/blog/video-editing-basics-tools-techniques-beginners/ /posts/video-editing/ 301!
/blog/video-marketing-engagement-strategies-2024 /posts/video-marketing 301!
/blog/video-marketing-engagement-strategies-2024/ /posts/video-marketing/ 301!
/blog/virtual-assistant-career-guide /posts/virtual-assistant 301!
/blog/virtual-assistant-career-guide/ /posts/virtual-assistant/ 301!
/blog/virtual-tavern-creatives-mediums-innovative-pb-crawl /posts/medium-crawl 301!
/blog/virtual-tavern-creatives-mediums-innovative-pb-crawl/ /posts/medium-crawl/ 301!
/blog/visual-content-creation-tips-non-designers /posts/visual-content 301!
/blog/visual-content-creation-tips-non-designers/ /posts/visual-content/ 301!
/blog/vitamins-supplements-healthy-lifestyle-truth /posts/supplements 301!
/blog/vitamins-supplements-healthy-lifestyle-truth/ /posts/supplements/ 301!
/blog/warm-greeting-jonathan-y-pagoda-lantern-touch-elegance /posts/pagoda-lantern 301!
/blog/warm-greeting-jonathan-y-pagoda-lantern-touch-elegance/ /posts/pagoda-lantern/ 301!
/blog/what-is-emotional-intelligence-definition /posts/eq-definition 301!
/blog/what-is-emotional-intelligence-definition/ /posts/eq-definition/ 301!
/blog/when-change-calls-selling-shoes-tech-economic-principle-that-shaped-my-life /posts/economic-principle 301!
/blog/when-change-calls-selling-shoes-tech-economic-principle-that-shaped-my-life/ /posts/economic-principle/ 301!
/blog/why-i-became-friend-medium /posts/medium-friend 301!
/blog/why-i-became-friend-medium/ /posts/medium-friend/ 301!
/blog/winning-corporate-battlefield-unleashing-sun-tzus-secrets-business /posts/sun-tzu-business 301!
/blog/winning-corporate-battlefield-unleashing-sun-tzus-secrets-business/ /posts/sun-tzu-business/ 301!
/blog/winning-meddic-elevating-high-value-sales-strategy /posts/meddic-sales 301!
/blog/winning-meddic-elevating-high-value-sales-strategy/ /posts/meddic-sales/ 301!
/blog/work-life-balance-career-success-strategies /posts/work-life-balance 301!
/blog/work-life-balance-career-success-strategies/ /posts/work-life-balance/ 301!
/blog/yale-emotional-intelligence-course-review-personal-experience /posts/yale-eq-course 301!
/blog/yale-emotional-intelligence-course-review-personal-experience/ /posts/yale-eq-course/ 301!
/blog/youtube-monetization-strategies-2024 /posts/youtube-money 301!
/blog/youtube-monetization-strategies-2024/ /posts/youtube-money/ 301!
/blog/zero-booked-land-first-freelance-design-clients /posts/first-clients 301!
/blog/zero-booked-land-first-freelance-design-clients/ /posts/first-clients/ 301!
/build-affiliate-marketing-passive-income-2024 /posts/passive-income 301!
/build-affiliate-marketing-passive-income-2024/ /posts/passive-income/ 301!
/build-high-converting-sales-funnel-digital-products-2024 /posts/sales-funnel 301!
/build-high-converting-sales-funnel-digital-products-2024/ /posts/sales-funnel/ 301!
/build-lasting-healthy-habits /posts/healthy-habits 301!
/build-lasting-healthy-habits/ /posts/healthy-habits/ 301!
/build-powerful-personal-brand-freelancer-guide /posts/freelance-brand 301!
/build-powerful-personal-brand-freelancer-guide/ /posts/freelance-brand/ 301!
/build-successful-online-coaching-empire /posts/coaching-business 301!
/build-successful-online-coaching-empire/ /posts/coaching-business/ 301!
/build-thriving-facebook-groups-brand-community-2024 /posts/facebook-groups 301!
/build-thriving-facebook-groups-brand-community-2024/ /posts/facebook-groups/ 301!
/career-change-industry-switch-guide /posts/career-change 301!
/career-change-industry-switch-guide/ /posts/career-change/ 301!
/chatgpt-practical-applications-daily-tasks-guide /posts/chatgpt-tasks 301!
/chatgpt-practical-applications-daily-tasks-guide/ /posts/chatgpt-tasks/ 301!
/comparing-emotional-intelligence-certification-programs /posts/eq-certification 301!
/comparing-emotional-intelligence-certification-programs/ /posts/eq-certification/ 301!
/components-emotional-intelligence-explained /posts/eq-components 301!
/components-emotional-intelligence-explained/ /posts/eq-components/ 301!
/content-repurposing-101-maximize-reach /posts/content-repurposing 301!
/content-repurposing-101-maximize-reach/ /posts/content-repurposing/ 301!
/content-success-metrics-guide /posts/content-metrics 301!
/content-success-metrics-guide/ /posts/content-metrics/ 301!
/continuing-education-career-relevance /posts/continuing-education 301!
/continuing-education-career-relevance/ /posts/continuing-education/ 301!
/continuous-learning-freelancing-success-2024 /posts/freelance-learning 301!
/continuous-learning-freelancing-success-2024/ /posts/freelance-learning/ 301!
/couch-crush-your-nonsense-guide-strength-training-beginners /posts/strength-training 301!
/couch-crush-your-nonsense-guide-strength-training-beginners/ /posts/strength-training/ 301!
/cracking-medium-code-writers-guide-thriving-2024 /posts/medium-guide 301!
/cracking-medium-code-writers-guide-thriving-2024/ /posts/medium-guide/ 301!
/craft-freelance-portfolio-wow-potential-clients /posts/freelance-portfolio-guide 301!
/craft-freelance-portfolio-wow-potential-clients/ /posts/freelance-portfolio-guide/ 301!
/create-daily-routine-productivity /posts/daily-routine 301!
/create-daily-routine-productivity/ /posts/daily-routine/ 301!
/create-digital-business-plan-beginners-guide /posts/business-plan 301!
/create-digital-business-plan-beginners-guide/ /posts/business-plan/ 301!
/create-freelance-business-website-2024-complete-guide /posts/freelance-website 301!
/create-freelance-business-website-2024-complete-guide/ /posts/freelance-website/ 301!
/create-mindfulness-routine-that-sticks /posts/mindfulness-routine 301!
/create-mindfulness-routine-that-sticks/ /posts/mindfulness-routine/ 301!
/create-sell-digital-products-2024 /posts/digital-products 301!
/create-sell-digital-products-2024/ /posts/digital-products/ 301!
/create-sell-online-courses /posts/online-courses 301!
/create-sell-online-courses/ /posts/online-courses/ 301!
/create-sell-productized-services-steps /posts/productized-services 301!
/create-sell-productized-services-steps/ /posts/productized-services/ 301!
/create-sops-business-efficiency /posts/sops 301!
/create-sops-business-efficiency/ /posts/sops/ 301!
/create-successful-membership-site-7-steps /posts/membership-site 301!
/create-successful-membership-site-7-steps/ /posts/membership-site/ 301!
/creating-meditation-space-home-tips /posts/meditation-space 301!
/creating-meditation-space-home-tips/ /posts/meditation-space/ 301!
/creating-personal-brand-career-stand-out /posts/personal-brand 301!
/creating-personal-brand-career-stand-out/ /posts/personal-brand/ 301!
/creating-your-first-online-course-a-step-by-step-guide-for-beginners /posts/first-course 301!
/creating-your-first-online-course-a-step-by-step-guide-for-beginners/ /posts/first-course/ 301!
/creating-your-first-online-course-step-step-guide-beginners /posts/first-course 301!
/creating-your-first-online-course-step-step-guide-beginners/ /posts/first-course/ 301!
/cybersecurity-digital-businesses /posts/business-security 301!
/cybersecurity-digital-businesses/ /posts/business-security/ 301!
/dalle-midjourney-ai-art-comparison-pandora /posts/ai-art 301!
/dalle-midjourney-ai-art-comparison-pandora/ /posts/ai-art/ 301!
/dark-side-screen-why-dark-mode-is-must-have-66917c9ec22622001aee585c /posts/dark-mode-guide 301!
/dark-side-screen-why-dark-mode-is-must-have-66917c9ec22622001aee585c/ /posts/dark-mode-guide/ 301!
/data-analytics-small-online-businesses /posts/business-analytics 301!
/data-analytics-small-online-businesses/ /posts/business-analytics/ 301!
/developing-emotional-intelligence-children-parents-guide /posts/eq-kids 301!
/developing-emotional-intelligence-children-parents-guide/ /posts/eq-kids/ 301!
/developing-leadership-skills-team-member-manager /posts/leadership-skills 301!
/developing-leadership-skills-team-member-manager/ /posts/leadership-skills/ 301!
/digital-business-exit-guide /posts/sell-business 301!
/digital-business-exit-guide/ /posts/sell-business/ 301!
/digital-minimalism-declutter-online-life-boost-focus /posts/digital-minimalism 301!
/digital-minimalism-declutter-online-life-boost-focus/ /posts/digital-minimalism/ 301!
/ditch-iphone-verizon-google-pixel-google-fi /posts/pixel-switch 301!
/ditch-iphone-verizon-google-pixel-google-fi/ /posts/pixel-switch/ 301!
/do-you-feel-invisible-medium /posts/medium-invisible 301!
/do-you-feel-invisible-medium/ /posts/medium-invisible/ 301!
/earn-extra-1200-month-leveraging-affiliate-marketing /posts/affiliate-income 301!
/earn-extra-1200-month-leveraging-affiliate-marketing/ /posts/affiliate-income/ 301!
/effective-client-communication-strategies-freelancers-2024 /posts/client-communication 301!
/effective-client-communication-strategies-freelancers-2024/ /posts/client-communication/ 301!
/effective-workplace-communication-skills-guide /posts/workplace-communication 301!
/effective-workplace-communication-skills-guide/ /posts/workplace-communication/ 301!
/eisenhower-matrix-time-management-guide /posts/eisenhower-matrix 301!
/eisenhower-matrix-time-management-guide/ /posts/eisenhower-matrix/ 301!
/elon-musk-sells-x-to-xai /posts/musk-x-xai 301!
/elon-musk-sells-x-to-xai/ /posts/musk-x-xai/ 301!
/email-marketing-strategies-entrepreneurs-2024 /posts/email-marketing 301!
/email-marketing-strategies-entrepreneurs-2024/ /posts/email-marketing/ 301!
/emotional-intelligence-communication-guide /posts/eq-communication 301!
/emotional-intelligence-communication-guide/ /posts/eq-communication/ 301!
/emotional-intelligence-conflict-resolution-guide /posts/eq-conflict 301!
/emotional-intelligence-conflict-resolution-guide/ /posts/eq-conflict/ 301!
/emotional-intelligence-leadership-success-link /posts/eq-leadership 301!
/emotional-intelligence-leadership-success-link/ /posts/eq-leadership/ 301!
/emotional-intelligence-mental-health-connection /posts/eq-mental-health 301!
/emotional-intelligence-mental-health-connection/ /posts/eq-mental-health/ 301!
/emotional-intelligence-relationships-guide /posts/eq-relationships 301!
/emotional-intelligence-relationships-guide/ /posts/eq-relationships/ 301!
/emotional-intelligence-stress-management-techniques /posts/eq-stress 301!
/emotional-intelligence-stress-management-techniques/ /posts/eq-stress/ 301!
/emotional-intelligence-vs-iq-success /posts/emotional-intelligence-iq-success 301!
/emotional-intelligence-vs-iq-success/ /posts/emotional-intelligence-iq-success/ 301!
/emotional-intelligence-workplace-importance /posts/eq-workplace 301!
/emotional-intelligence-workplace-importance/ /posts/eq-workplace/ 301!
/enchanting-tale-elfred-shelf /posts/elfred-tale 301!
/enchanting-tale-elfred-shelf/ /posts/elfred-tale/ 301!
/entrepreneurial-growth-mindset-2024 /posts/entrepreneur-mindset 301!
/entrepreneurial-growth-mindset-2024/ /posts/entrepreneur-mindset/ 301!
/essential-content-marketing-strategies-online-business-success-2024 /posts/content-marketing 301!
/essential-content-marketing-strategies-online-business-success-2024/ /posts/content-marketing/ 301!
/essential-tips-financial-planning-freelancers-2024 /posts/freelance-finance 301!
/essential-tips-financial-planning-freelancers-2024/ /posts/freelance-finance/ 301!
/financial-management-steps-digital-entrepreneurs /posts/business-finance 301!
/financial-management-steps-digital-entrepreneurs/ /posts/business-finance/ 301!
/finding-career-mentor-benefits /posts/career-mentor 301!
/finding-career-mentor-benefits/ /posts/career-mentor/ 301!
/finding-hope-through-writing-my-journey-friends-medium-program /posts/medium-journey 301!
/finding-hope-through-writing-my-journey-friends-medium-program/ /posts/medium-journey/ 301!
/finding-voice-develop-unique-content-brand /posts/brand-voice 301!
/finding-voice-develop-unique-content-brand/ /posts/brand-voice/ 301!
/freelance-contract-essentials-2024 /posts/freelance-contracts 301!
/freelance-contract-essentials-2024/ /posts/freelance-contracts/ 301!
/freelance-platforms-vs-direct-clients-key-differences /posts/freelance-platforms 301!
/freelance-platforms-vs-direct-clients-key-differences/ /posts/freelance-platforms/ 301!
/future-blogging-trends-predictions-2024-beyond /posts/blogging-trends 301!
/future-blogging-trends-predictions-2024-beyond/ /posts/blogging-trends/ 301!
/gig-economy-successful-freelance-career-guide /posts/gig-economy 301!
/gig-economy-successful-freelance-career-guide/ /posts/gig-economy/ 301!
/go-viral-tiktok-insider-tips-wannabe-influencer /posts/tiktok-viral 301!
/go-viral-tiktok-insider-tips-wannabe-influencer/ /posts/tiktok-viral/ 301!
/good-great-business-excellence-framework /posts/business-excellence 301!
/good-great-business-excellence-framework/ /posts/business-excellence/ 301!
/good-to-great-business-excellence-framework /posts/business-excellence 301!
/good-to-great-business-excellence-framework/ /posts/business-excellence 301!
/googles-700-million-severance-payout-behind-numbers /posts/google-severance 301!
/googles-700-million-severance-payout-behind-numbers/ /posts/google-severance/ 301!
/guard-gold-insiders-guide-fortifying-digital-treasure-chest /posts/digital-security 301!
/guard-gold-insiders-guide-fortifying-digital-treasure-chest/ /posts/digital-security/ 301!
/gut-brain-connection-wellness /posts/gut-brain 301!
/gut-brain-connection-wellness/ /posts/gut-brain/ 301!
/help-me-surpass-2000-follower-mark-today /posts/surpass-followers 301!
/help-me-surpass-2000-follower-mark-today/ /posts/surpass-followers/ 301!
/hiit-workout-benefits-lazy-persons-guide /posts/hiit-workout 301!
/hiit-workout-benefits-lazy-persons-guide/ /posts/hiit-workout/ 301!
/home-gym-heroes-fitness-fortress-budget /posts/home-gym 301!
/home-gym-heroes-fitness-fortress-budget/ /posts/home-gym/ 301!
/how-build-engaged-content-community /posts/how-build-engaged-content-community 301!
/how-build-engaged-content-community/ /posts/how-build-engaged-content-community/ 301!
/how-improve-your-emotional-intelligence-7-practical-steps /posts/how-improve-your-emotional-intelligence-7-practical-steps 301!
/how-improve-your-emotional-intelligence-7-practical-steps/ /posts/how-improve-your-emotional-intelligence-7-practical-steps/ 301!
/how-negotiate-salary-raise-guide /posts/how-negotiate-salary-raise-guide 301!
/how-negotiate-salary-raise-guide/ /posts/how-negotiate-salary-raise-guide/ 301!
/how-overcome-imposter-syndrome /posts/imposter-syndrome 301!
/how-overcome-imposter-syndrome/ /posts/imposter-syndrome/ 301!
/how-start-successful-youtube-channel /posts/start-youtube 301!
/how-start-successful-youtube-channel/ /posts/start-youtube/ 301!
/how-sticking-around-30-seconds-medium-pays-off-writers /posts/how-sticking-around-30-seconds-medium-pays-off-writers 301!
/how-sticking-around-30-seconds-medium-pays-off-writers/ /posts/how-sticking-around-30-seconds-medium-pays-off-writers/ 301!
/hungry-health-my-messy-adventure-intermittent-fasting /posts/intermittent-fasting 301!
/hungry-health-my-messy-adventure-intermittent-fasting/ /posts/intermittent-fasting/ 301!
/hydration-myths-water-intake-truths /posts/hydration-myths 301!
/hydration-myths-water-intake-truths/ /posts/hydration-myths/ 301!
/identify-career-strengths-weaknesses-growth /posts/career-strengths 301!
/identify-career-strengths-weaknesses-growth/ /posts/career-strengths/ 301!
/importance-soft-skills-career-advancement /posts/soft-skills 301!
/importance-soft-skills-career-advancement/ /posts/soft-skills/ 301!
/influencer-marketing-strategies-brand-growth-2024 /posts/influencer-marketing 301!
/influencer-marketing-strategies-brand-growth-2024/ /posts/influencer-marketing/ 301!
/instagram-marketing-sales-strategies-2024 /posts/instagram-marketing 301!
/instagram-marketing-sales-strategies-2024/ /posts/instagram-marketing/ 301!
/iphone-to-pixel-transition-guide /posts/iphone-pixel 301!
/iphone-to-pixel-transition-guide/ /posts/iphone-pixel/ 301!
/iterate-your-way-product-market-fit /posts/product-fit 301!
/iterate-your-way-product-market-fit/ /posts/product-fit/ 301!
/jalapenos-make-your-day-uncover-their-fiery-benefits /posts/jalapenos 301!
/jalapenos-make-your-day-uncover-their-fiery-benefits/ /posts/jalapenos/ 301!
/job-interview-preparation-tips /posts/interview-tips 301!
/job-interview-preparation-tips/ /posts/interview-tips/ 301!
/keep-inbox-clutter-free-automate-email-deletion-gmail /posts/gmail-automation 301!
/keep-inbox-clutter-free-automate-email-deletion-gmail/ /posts/gmail-automation/ 301!
/labor-day-social-media-strategies-work-smarter /posts/labor-day-content 301!
/labor-day-social-media-strategies-work-smarter/ /posts/labor-day-content/ 301!
/labor-love-crafting-content-calendar-digital-success /posts/content-calendar 301!
/labor-love-crafting-content-calendar-digital-success/ /posts/content-calendar/ 301!
/last-minute-lifesaver-amazon-gift-cards-holiday-hero /posts/amazon-gifts 301!
/last-minute-lifesaver-amazon-gift-cards-holiday-hero/ /posts/amazon-gifts/ 301!
/linkedin-marketing-strategies-b2b-professionals-2024 /posts/linkedin-marketing 301!
/linkedin-marketing-strategies-b2b-professionals-2024/ /posts/linkedin-marketing/ 301!
/linkedin-optimization-tips-boost-online-presence /posts/linkedin-tips 301!
/linkedin-optimization-tips-boost-online-presence/ /posts/linkedin-tips/ 301!
/live-streaming-101-captivate-audience-real-time /posts/live-streaming 301!
/live-streaming-101-captivate-audience-real-time/ /posts/live-streaming/ 301!
/long-term-career-planning-goals-guide /posts/career-planning 301!
/long-term-career-planning-goals-guide/ /posts/career-planning/ 301!
/magic-user-generated-content-audience-best-marketers /posts/ugc-marketing 301!
/magic-user-generated-content-audience-best-marketers/ /posts/ugc-marketing/ 301!
/master-networking-strategies-freelancers-step-step-guide /posts/freelance-network 301!
/master-networking-strategies-freelancers-step-step-guide/ /posts/freelance-network/ 301!
/master-social-media-advertising-small-businesses /posts/social-ads 301!
/master-social-media-advertising-small-businesses/ /posts/social-ads/ 301!
/mastering-blogging-10-insider-secrets-crafting-irresistible-posts /posts/blogging-secrets 301!
/mastering-blogging-10-insider-secrets-crafting-irresistible-posts/ /posts/blogging-secrets/ 301!
/mastering-freelance-pitch-guide-winning-projects /posts/freelance-pitch 301!
/mastering-freelance-pitch-guide-winning-projects/ /posts/freelance-pitch/ 301!
/mastering-freelance-pricing-strategies /posts/freelance-pricing 301!
/mastering-freelance-pricing-strategies/ /posts/freelance-pricing/ 301!
/mastering-sales-psychology-5-key-impulses-drive-consumer-behavior /posts/sales-psychology 301!
/mastering-sales-psychology-5-key-impulses-drive-consumer-behavior-unabridged-version /posts/sales-psychology-full 301!
/mastering-sales-psychology-5-key-impulses-drive-consumer-behavior-unabridged-version/ /posts/sales-psychology-full/ 301!
/mastering-sales-psychology-5-key-impulses-drive-consumer-behavior/ /posts/sales-psychology/ 301!
/maximize-roi-google-ads-strategies-2024 /posts/google-ads 301!
/maximize-roi-google-ads-strategies-2024/ /posts/google-ads/ 301!
/meal-prep-strategies-busy-schedule /posts/meal-prep 301!
/meal-prep-strategies-busy-schedule/ /posts/meal-prep/ 301!
/measuring-emotional-intelligence-assessment-tools /posts/eq-assessment 301!
/measuring-emotional-intelligence-assessment-tools/ /posts/eq-assessment/ 301!
/meditation-cardiovascular-health /posts/meditation-health 301!
/meditation-cardiovascular-health/ /posts/meditation-health/ 301!
/medium-day-2024-celebrating-better-internet-together /posts/medium-day 301!
/medium-day-2024-celebrating-better-internet-together/ /posts/medium-day/ 301!
/membership https://wayfinder.eo.page/v6y87 302!
/membership/ https://wayfinder.eo.page/v6y87 302!
/mind-bending-journey-history-meditation /posts/meditation-history 301!
/mind-bending-journey-history-meditation/ /posts/meditation-history/ 301!
/mindful-eating-guide-transform-food-relationship /posts/mindful-eating 301!
/mindful-eating-guide-transform-food-relationship/ /posts/mindful-eating/ 301!
/mindful-movement-meditation-yoga-tai-chi-guide /posts/mindful-movement 301!
/mindful-movement-meditation-yoga-tai-chi-guide/ /posts/mindful-movement/ 301!
/mindful-parenting-techniques-emotionally-intelligent-kids /posts/mindful-parenting 301!
/mindful-parenting-techniques-emotionally-intelligent-kids/ /posts/mindful-parenting/ 301!
/mindfulness-based-cognitive-therapy-guide /posts/mindfulness-therapy 301!
/mindfulness-based-cognitive-therapy-guide/ /posts/mindfulness-therapy/ 301!
/mindfulness-better-sleep-guide /posts/mindfulness-sleep 301!
/mindfulness-better-sleep-guide/ /posts/mindfulness-sleep/ 301!
/mindfulness-lifeline-anxiety-depression /posts/mindfulness-anxiety 301!
/mindfulness-lifeline-anxiety-depression/ /posts/mindfulness-anxiety/ 301!
/mindfulness-meditation-benefits-stress-reduction /posts/mindfulness-stress 301!
/mindfulness-meditation-benefits-stress-reduction/ /posts/mindfulness-stress/ 301!
/mindfulness-pain-management-techniques-research /posts/mindfulness-pain 301!
/mindfulness-pain-management-techniques-research/ /posts/mindfulness-pain/ 301!
/mindfulness-vs-meditation-differences /posts/mindfulness-vs-meditation 301!
/mindfulness-vs-meditation-differences/ /posts/mindfulness-vs-meditation/ 301!
/mindfulness-work-tips-strategies /posts/mindfulness-work 301!
/mindfulness-work-tips-strategies/ /posts/mindfulness-work/ 301!
/mobility-blueprint-kelly-juliet-starrett-get-strong-flexible-built-move /posts/mobility 301!
/mobility-blueprint-kelly-juliet-starrett-get-strong-flexible-built-move/ /posts/mobility/ 301!
/monetize-content-different-platforms-insider-tips /posts/monetize-content 301!
/monetize-content-different-platforms-insider-tips/ /posts/monetize-content/ 301!
/monetize-niche-online-community /posts/monetize-community 301!
/monetize-niche-online-community/ /posts/monetize-community/ 301!
/monetize-photography-skills-online /posts/monetize-photos 301!
/monetize-photography-skills-online/ /posts/monetize-photos/ 301!
/multitasking-productivity-impact /posts/multitasking 301!
/multitasking-productivity-impact/ /posts/multitasking/ 301!
/must-have-productivity-tools-solopreneurs-2024 /posts/productivity-tools 301!
/must-have-productivity-tools-solopreneurs-2024/ /posts/productivity-tools/ 301!
/navigating-office-politics-career-guide /posts/office-politics 301!
/navigating-office-politics-career-guide/ /posts/office-politics/ 301!
/networking-tips-introverts /posts/networking 301!
/networking-tips-introverts/ /posts/networking/ 301!
/number-one-secret-elite-use-transform-their-wealth-lifestyle-endless-innovation /posts/wealth-secret 301!
/number-one-secret-elite-use-transform-their-wealth-lifestyle-endless-innovation/ /posts/wealth-secret/ 301!
/nutrition-basics-optimal-performance /posts/nutrition 301!
/nutrition-basics-optimal-performance/ /posts/nutrition/ 301!
/online-business-cash-flow-management-strategies /posts/cash-flow 301!
/online-business-cash-flow-management-strategies/ /posts/cash-flow/ 301!
/online-business-crisis-management-steps /posts/crisis-management 301!
/online-business-crisis-management-steps/ /posts/crisis-management/ 301!
/online-business-legal-essentials-2024 /posts/business-legal 301!
/online-business-legal-essentials-2024/ /posts/business-legal/ 301!
/outsourcing-strategies-business-growth /posts/outsourcing 301!
/outsourcing-strategies-business-growth/ /posts/outsourcing/ 301!
/overcome-procrastination-5-proven-strategies-success /posts/beat-procrastination 301!
/overcome-procrastination-5-proven-strategies-success/ /posts/beat-procrastination/ 301!
/overcoming-imposter-syndrome-career /posts/career-imposter 301!
/overcoming-imposter-syndrome-career/ /posts/career-imposter/ 301!
/pajamas-paychecks-freelance-writing-guide /posts/freelance-writing 301!
/pajamas-paychecks-freelance-writing-guide/ /posts/freelance-writing/ 301!
/peek-fictional-lives-10-questions-ask-fictional-characters /posts/fictional-questions 301!
/peek-fictional-lives-10-questions-ask-fictional-characters/ /posts/fictional-questions/ 301!
/pinterest-marketing-strategies-boost-traffic-sales-2024 /posts/pinterest-marketing 301!
/pinterest-marketing-strategies-boost-traffic-sales-2024/ /posts/pinterest-marketing/ 301!
/plant-content-forest-evergreen-strategies-guide /posts/evergreen-content 301!
/plant-content-forest-evergreen-strategies-guide/ /posts/evergreen-content/ 301!
/podcast-marketing-monetization-strategies-2024 /posts/podcast-marketing 301!
/podcast-marketing-monetization-strategies-2024/ /posts/podcast-marketing/ 301!
/podcast-production-guide /posts/podcast-production 301!
/podcast-production-guide/ /posts/podcast-production/ 301!
/pomodoro-technique-productivity-boost-25-minute-intervals /posts/pomodoro-technique 301!
/pomodoro-technique-productivity-boost-25-minute-intervals/ /posts/pomodoro-technique/ 301!
/pomodoro-vs-52-17-method-productivity-comparison /posts/pomodoro-vs-ultradian 301!
/pomodoro-vs-52-17-method-productivity-comparison/ /posts/pomodoro-vs-ultradian/ 301!
/posture-impact-health /posts/posture 301!
/posture-impact-health/ /posts/posture/ 301!
/power-50-claps-medium-monetization-journey /posts/medium-claps 301!
/power-50-claps-medium-monetization-journey/ /posts/medium-claps/ 301!
/pricing-digital-products-services /posts/product-pricing 301!
/pricing-digital-products-services/ /posts/product-pricing/ 301!
/productive-workspace-tips-boost-efficiency /posts/workspace-tips 301!
/productive-workspace-tips-boost-efficiency/ /posts/workspace-tips/ 301!
/profitable-food-blog-creation /posts/food-blog 301!
/profitable-food-blog-creation/ /posts/food-blog/ 301!
/proven-conversion-rate-optimization-techniques-2024 /posts/conversion-optimization 301!
/proven-conversion-rate-optimization-techniques-2024/ /posts/conversion-optimization/ 301!
/psychology-procrastination-combat-strategies /posts/procrastination 301!
/psychology-procrastination-combat-strategies/ /posts/procrastination/ 301!
/reaching-stars-my-journey-1000-followers-medium-end-day-today /posts/medium-1000 301!
/reaching-stars-my-journey-1000-followers-medium-end-day-today/ /posts/medium-1000/ 301!
/recovery-techniques-athletes-fitness-enthusiasts /posts/recovery 301!
/recovery-techniques-athletes-fitness-enthusiasts/ /posts/recovery/ 301!
/reflection-my-journey-back-home /posts/journey-back-home 301!
/reflection-my-journey-back-home/ /posts/journey-back-home/ 301!
/remote-work-success-career-tips /posts/remote-work 301!
/remote-work-success-career-tips/ /posts/remote-work/ 301!
/rest-recovery-effective-time-management /posts/rest-recovery 301!
/rest-recovery-effective-time-management/ /posts/rest-recovery/ 301!
/revenue-revolution-wayfinder-bold-move-medium-skyrocketed-profits-10x /posts/wayfinder-revenue 301!
/revenue-revolution-wayfinder-bold-move-medium-skyrocketed-profits-10x/ /posts/wayfinder-revenue/ 301!
/rise-followayfinder-100-1-google-search /posts/wayfinder-seo 301!
/rise-followayfinder-100-1-google-search/ /posts/wayfinder-seo/ 301!
/scale-freelance-business-2024 /posts/scale-freelance 301!
/scale-freelance-business-2024/ /posts/scale-freelance/ 301!
/scaling-solo-business-hiring-guide-2024 /posts/scale-solo 301!
/scaling-solo-business-hiring-guide-2024/ /posts/scale-solo/ 301!
/science-behind-imposter-syndrome-understanding-psychology /posts/imposter-psychology 301!
/science-behind-imposter-syndrome-understanding-psychology/ /posts/imposter-psychology/ 301!
/science-meditation-changes-brain /posts/meditation-science 301!
/science-meditation-changes-brain/ /posts/meditation-science/ 301!
/seo-fundamentals-content-optimization-2024 /posts/seo-content 301!
/seo-fundamentals-content-optimization-2024/ /posts/seo-content/ 301!
/seo-writing-techniques-content-ranks /posts/seo-writing 301!
/seo-writing-techniques-content-ranks/ /posts/seo-writing/ 301!
/silicon-valleys-shakeup-real-impact-tech-layoffs /posts/tech-layoffs 301!
/silicon-valleys-shakeup-real-impact-tech-layoffs/ /posts/tech-layoffs/ 301!
/simple-mindfulness-exercises-beginners /posts/mindfulness-basics 301!
/simple-mindfulness-exercises-beginners/ /posts/mindfulness-basics/ 301!
/sleep-impact-productivity-boost-performance /posts/sleep-productivity 301!
/sleep-impact-productivity-boost-performance/ /posts/sleep-productivity/ 301!
/sleep-personal-growth-connection /posts/sleep-growth 301!
/sleep-personal-growth-connection/ /posts/sleep-growth/ 301!
/smart-goals-benefits-productivity-boost /posts/smart-goals 301!
/smart-goals-benefits-productivity-boost/ /posts/smart-goals/ 301!
/startling-retrospective-journey-tmnt-switch-delivers-arcade-home /posts/tmnt-arcade 301!
/startling-retrospective-journey-tmnt-switch-delivers-arcade-home/ /posts/tmnt-arcade/ 301!
/storytelling-magic-secret-weapon-irresistible-content /posts/storytelling 301!
/storytelling-magic-secret-weapon-irresistible-content/ /posts/storytelling/ 301!
/strategic-partnerships-digital-growth /posts/partnerships 301!
/strategic-partnerships-digital-growth/ /posts/partnerships/ 301!
/stress-management-techniques-real-person-guide /posts/stress-management 301!
/stress-management-techniques-real-person-guide/ /posts/stress-management/ 301!
/subscribe https://wayfinder.eo.page/v6y87 302!
/subscribe/ https://wayfinder.eo.page/v6y87 302!
/subscription-box-business-guide /posts/subscription-box 301!
/subscription-box-business-guide/ /posts/subscription-box/ 301!
/successful-ghostwriter-guide /posts/ghostwriting 301!
/successful-ghostwriter-guide/ /posts/ghostwriting/ 301!
/successful-podcast-monetization /posts/podcast-money 301!
/successful-podcast-monetization/ /posts/podcast-money/ 301!
/surprising-truth-about-outdoor-exercise-that-ones-talking-about /posts/outdoor-exercise-truth 301!
/surprising-truth-about-outdoor-exercise-that-ones-talking-about/ /posts/outdoor-exercise-truth/ 301!
/sustainable-online-business-practices /posts/sustainable-business 301!
/sustainable-online-business-practices/ /posts/sustainable-business/ 301!
/switch-substack-owning-your-content-maximize-ad-revenue-today /posts/switch-substack-owning-your-content-maximize-ad-revenue-today 301!
/switch-substack-owning-your-content-maximize-ad-revenue-today/ /posts/switch-substack-owning-your-content-maximize-ad-revenue-today/ 301!
/telltale-signs-emotionally-intelligent-leaders /posts/eq-leaders 301!
/telltale-signs-emotionally-intelligent-leaders/ /posts/eq-leaders/ 301!
/ten-questions-about-you /posts/ten-questions 301!
/ten-questions-about-you/ /posts/ten-questions/ 301!
/theory-practice-leveraging-five-key-sales-impulses /posts/sales-impulses 301!
/theory-practice-leveraging-five-key-sales-impulses/ /posts/sales-impulses/ 301!
/thinking-fast-slow-unbiased-brief /posts/thinking-fast-slow 301!
/thinking-fast-slow-unbiased-brief/ /posts/thinking-fast-slow/ 301!
/this-is-how-you-become-freelance-writer-2024 /posts/become-writer 301!
/this-is-how-you-become-freelance-writer-2024/ /posts/become-writer/ 301!
/this-one-thing-turned-around-my-chronic-cold-day /posts/chronic-cold-cure 301!
/this-one-thing-turned-around-my-chronic-cold-day/ /posts/chronic-cold-cure/ 301!
/time-blocking-vs-do-lists-productivity-comparison /posts/time-blocking-vs-todos 301!
/time-blocking-vs-do-lists-productivity-comparison/ /posts/time-blocking-vs-todos/ 301!
/time-management-hacks-freelancers /posts/freelance-time 301!
/time-management-hacks-freelancers/ /posts/freelance-time/ 301!
/time-management-hacks-online-entrepreneurs-2024 /posts/entrepreneur-time 301!
/time-management-hacks-online-entrepreneurs-2024/ /posts/entrepreneur-time/ 301!
/time-management-strategies-career-success /posts/time-management 301!
/time-management-strategies-career-success/ /posts/time-management/ 301!
/time-management-strategies-remote-workers /posts/remote-time 301!
/time-management-strategies-remote-workers/ /posts/remote-time/ 301!
/time-tracking-tools-productivity-guide /posts/time-tracking 301!
/time-tracking-tools-productivity-guide/ /posts/time-tracking/ 301!
/top-emotional-intelligence-courses-personal-development /posts/top-eq-courses 301!
/top-emotional-intelligence-courses-personal-development/ /posts/top-eq-courses/ 301!
/top-mindfulness-podcasts-enhance-practice /posts/top-mindfulness-podcasts-enhance-practice 301!
/top-mindfulness-podcasts-enhance-practice/ /posts/top-mindfulness-podcasts-enhance-practice/ 301!
/travel-blog-monetization-strategies /posts/travel-blog 301!
/travel-blog-monetization-strategies/ /posts/travel-blog/ 301!
/ultimate-guide-effective-time-blocking /posts/time-blocking 301!
/ultimate-guide-effective-time-blocking/ /posts/time-blocking/ 301!
/ultimate-guide-writing-compelling-resume /posts/resume-guide 301!
/ultimate-guide-writing-compelling-resume/ /posts/resume-guide/ 301!
/understanding-macronutrients-proteins-carbs-fats /posts/macronutrients 301!
/understanding-macronutrients-proteins-carbs-fats/ /posts/macronutrients/ 301!
/use-your-fsa-funds-before-they-expire-2024 /posts/fsa-funds 301!
/use-your-fsa-funds-before-they-expire-2024/ /posts/fsa-funds/ 301!
/video-editing-basics-tools-techniques-beginners /posts/video-editing 301!
/video-editing-basics-tools-techniques-beginners/ /posts/video-editing/ 301!
/video-marketing-engagement-strategies-2024 /posts/video-marketing 301!
/video-marketing-engagement-strategies-2024/ /posts/video-marketing/ 301!
/virtual-assistant-career-guide /posts/virtual-assistant 301!
/virtual-assistant-career-guide/ /posts/virtual-assistant/ 301!
/virtual-tavern-creatives-mediums-innovative-pb-crawl /posts/medium-crawl 301!
/virtual-tavern-creatives-mediums-innovative-pb-crawl/ /posts/medium-crawl/ 301!
/visual-content-creation-tips-non-designers /posts/visual-content 301!
/visual-content-creation-tips-non-designers/ /posts/visual-content/ 301!
/vitamins-supplements-healthy-lifestyle-truth /posts/supplements 301!
/vitamins-supplements-healthy-lifestyle-truth/ /posts/supplements/ 301!
/warm-greeting-jonathan-y-pagoda-lantern-touch-elegance /posts/pagoda-lantern 301!
/warm-greeting-jonathan-y-pagoda-lantern-touch-elegance/ /posts/pagoda-lantern/ 301!
/what-is-emotional-intelligence-definition /posts/eq-definition 301!
/what-is-emotional-intelligence-definition/ /posts/eq-definition/ 301!
/when-change-calls-selling-shoes-tech-economic-principle-that-shaped-my-life /posts/economic-principle 301!
/when-change-calls-selling-shoes-tech-economic-principle-that-shaped-my-life/ /posts/economic-principle/ 301!
/why-i-became-friend-medium /posts/medium-friend 301!
/why-i-became-friend-medium/ /posts/medium-friend/ 301!
/winning-corporate-battlefield-unleashing-sun-tzus-secrets-business /posts/sun-tzu-business 301!
/winning-corporate-battlefield-unleashing-sun-tzus-secrets-business/ /posts/sun-tzu-business/ 301!
/winning-meddic-elevating-high-value-sales-strategy /posts/meddic-sales 301!
/winning-meddic-elevating-high-value-sales-strategy/ /posts/meddic-sales/ 301!
/work-life-balance-career-success-strategies /posts/work-life-balance 301!
/work-life-balance-career-success-strategies/ /posts/work-life-balance/ 301!
/yale-emotional-intelligence-course-review-personal-experience /posts/yale-eq-course 301!
/yale-emotional-intelligence-course-review-personal-experience/ /posts/yale-eq-course/ 301!
/youtube-monetization-strategies-2024 /posts/youtube-money 301!
/youtube-monetization-strategies-2024/ /posts/youtube-money/ 301!
/zero-booked-land-first-freelance-design-clients /posts/first-clients 301!
/zero-booked-land-first-freelance-design-clients/ /posts/first-clients/ 301!
/blog/* /posts/:splat 301\!
